citric acid,free sulfur dioxide,density,pH,alcohol,quality
0,11,0.9978,3.51,9.4,5
0,25,0.9968,3.2,9.8,5
0.04,15,0.997,3.26,9.8,5
0.56,17,0.998,3.16,9.8,6
0,11,0.9978,3.51,9.4,5
0,13,0.9978,3.51,9.4,5
0.06,15,0.9964,3.3,9.4,5
0,15,0.9946,3.39,10,7
0.02,9,0.9968,3.36,9.5,7
0.36,17,0.9978,3.35,10.5,5
0.08,15,0.9959,3.28,9.2,5
0.36,17,0.9978,3.35,10.5,5
0,16,0.9943,3.58,9.9,5
0.29,9,0.9974,3.26,9.1,5
0.18,52,0.9986,3.16,9.2,5
0.19,51,0.9986,3.17,9.2,5
0.56,35,0.9969,3.3,10.5,7
0.28,16,0.9968,3.11,9.3,5
0.08,6,0.9974,3.38,9,4
0.51,17,0.9969,3.04,9.2,6
0.48,29,0.9968,3.39,9.4,6
0.31,23,0.9982,3.52,9.7,5
0.21,10,0.9966,3.17,9.5,5
0.11,9,0.9968,3.17,9.4,5
0.14,21,0.9968,3.43,9.7,6
0.16,11,0.9955,3.34,9.3,5
0.24,4,0.9962,3.28,9.5,5
0.21,10,0.9966,3.17,9.5,5
0,14,0.9972,3.47,9.4,5
0,8,0.9964,3.38,9.8,6
0.07,17,0.9958,3.35,10.1,5
0,22,0.9966,3.46,10.6,6
0.12,15,0.9966,3.17,9.8,5
0.12,40,0.9993,3.45,9.4,6
0.25,13,0.9957,3.38,9.2,5
0,5,0.9986,3.4,9.6,6
0.14,3,0.9975,3.42,10.8,6
0.28,13,0.9968,3.23,9.7,7
0.09,7,0.994,3.5,9.8,4
0.36,12,0.9978,3.33,10.5,5
0.36,12,0.9978,3.33,10.5,5
0.3,17,0.9976,3.26,9.3,4
0.2,8,0.9968,3.21,10.5,6
0.22,9,0.9968,3.3,10.3,5
0.02,5,0.9962,3.48,9.5,5
0.15,8,0.9934,3.9,13.1,4
0.43,22,0.997,3.25,9.2,5
0.52,12,0.9969,3.25,9.5,5
0.23,5,0.9958,3.34,9.2,5
0.37,12,0.9954,3.32,9.2,5
0.26,4,0.9971,3.15,9.2,5
0.04,8,0.9956,3.4,9.4,6
0.04,6,0.9955,3.39,9.4,6
0.36,30,0.997,3.2,9.4,5
0.15,33,0.9955,3.17,10.2,6
0.04,25,0.9978,3.34,9.5,5
0.57,4,0.9971,3.04,9.6,5
0.12,50,0.9983,3.26,9.4,5
0.18,17,0.9975,3.43,10,5
0.31,9,0.9962,3.41,9.4,6
0.4,19,0.998,3.44,9.2,5
0.49,20,0.9968,3.21,9.3,5
0.16,12,0.9968,3.38,9.5,7
0.05,13,0.9966,3.39,9.8,5
0.05,4,0.9962,3.41,10.9,5
0.05,4,0.9962,3.41,10.9,5
0.11,11,0.9968,3.42,9.6,5
0.07,6,0.9962,3.44,10.7,5
0.57,27,0.9969,3.28,10.7,5
0.05,8,0.9962,3.34,10.5,6
0.08,15,0.9967,3.32,9.5,6
0.23,17,0.9962,3.32,9.5,5
0.22,18,0.9961,3.31,9.5,5
0.26,11,0.9976,3.31,9.2,4
0.54,28,0.9984,3.28,9.6,5
0.64,9,0.9986,3.54,10.5,5
0.64,9,0.9986,3.54,10.5,5
0,14,0.9966,3.52,10.7,6
0.12,12,0.9958,3.38,10.1,5
0.2,27,0.9972,3.16,9.1,4
0.2,3,0.9958,3.41,9.2,5
0.7,22,0.9974,3.13,9.4,5
0.47,21,0.997,3.36,9.1,5
0.26,16,0.9969,3.16,9.4,5
0.48,18,0.9959,3.44,10.3,6
0.15,19,0.9961,3.41,10.1,5
0.28,20,0.9972,2.93,9.9,6
0.26,9,0.9966,3.39,9.6,5
0.44,34,0.9978,3.14,9.5,5
0.08,8,0.9978,3.48,9,5
0.26,42,0.9964,3.23,9.5,5
0.28,20,0.9972,2.93,9.9,6
0.29,19,0.9972,2.93,9.8,5
0.26,9,0.9966,3.39,9.6,5
0.04,41,0.9938,3.75,10.5,4
0.17,17,0.9932,3.85,12.9,6
0,8,0.9965,3.45,10.7,5
0.25,3,0.9963,3.25,9.2,5
0.06,5,0.9967,3.39,9.8,5
0.18,13,0.9972,3.3,9,6
0.3,11,0.9972,3.4,10.2,6
0.3,8,0.9959,3.31,10.4,6
0.18,13,0.9972,3.3,9,6
0.22,12,0.9967,3.29,9.2,5
0.24,5,0.996,3.33,9.4,5
0.22,12,0.9967,3.29,9.2,5
0.68,18,0.9973,3.08,9.3,5
0.31,15,0.9969,3.46,9.3,5
0.53,18,0.9976,3.37,9.6,6
0.52,37,0.9969,3.21,9.3,5
0.19,12,0.9964,3.19,9.5,5
0.09,11,0.9964,3.15,9.8,5
0.1,14,0.9964,3.15,9.8,5
0.44,22,0.9988,3.32,9.7,6
0.19,12,0.9964,3.19,9.5,5
0.31,13,0.9966,3.07,10.5,6
0.28,11,0.9978,3.39,10,6
0.12,7,0.997,3.37,9.4,6
0.04,14,0.9962,3.21,10.9,6
0.08,22,0.9959,3.34,9.2,6
0.09,10,0.9962,3.3,9,5
0.04,14,0.9962,3.21,10.9,6
0,3,0.998,3.49,9.2,5
0,11,0.9976,3.44,9.5,5
0.17,21,0.996,3.39,9.5,5
0.04,27,0.9984,3.16,9.4,5
0,3,0.9964,3.53,10.9,5
0,3,0.9964,3.54,10.9,5
0.16,3,0.9962,3.42,10.5,7
0.15,6,0.9955,3.42,9.4,5
0.56,30,0.9968,3.24,9.4,5
0.09,17,0.9937,3.63,13,5
0.09,17,0.9937,3.63,13,5
0.01,17,0.9952,3.4,9.8,6
0.05,13,0.9959,3.22,9.9,6
0.11,16,0.9965,3.19,9.6,5
0.15,10,0.9968,3.23,9.5,5
0.36,13,0.9972,3.48,9.2,5
0.19,15,0.9962,3.33,9.5,5
0.19,17,0.9962,3.32,9.5,5
0.11,16,0.9965,3.19,9.6,5
0.15,10,0.9968,3.23,9.5,5
0,27,0.9916,3.68,14,6
0.08,3,0.9954,3.34,9.4,5
0,27,0.9916,3.68,14,6
0.55,32,0.9968,3.17,9.4,5
0.02,21,0.9944,3.54,10,5
0.26,10,0.9968,3.11,9.3,5
0.1,12,0.9959,3.42,10.2,6
0.44,11,0.9975,3.53,10.5,6
0.47,5,0.9958,3.33,10.3,6
1,32,0.9996,2.74,9.4,4
0.03,25,0.995,3.35,10.1,5
0.03,25,0.995,3.35,10.1,5
0.42,29,0.9973,3.42,10.5,5
0.42,28,0.9973,3.42,10.5,5
0.42,29,0.9973,3.42,10.5,5
0.42,28,0.9973,3.42,10.5,5
0,12,0.9969,3.48,9.3,5
0.18,18,0.9968,3.59,9.3,6
0.03,7,0.9959,3.2,9.6,5
0.02,9,0.9965,3.17,9.2,4
0.04,17,0.9964,3.33,10,6
0.26,36,0.9982,3.37,9.4,5
0.26,35,0.9981,3.37,9.4,5
0.48,14,0.9961,3.19,9.5,5
0.1,18,0.9956,3.34,10.2,5
0.03,17,0.9956,3.37,9,4
0.07,11,0.9953,3.47,10.4,6
0.24,15,0.9964,3,9.5,5
0.03,4,0.9972,3.36,9.1,4
0.17,6,0.9972,3.29,9.2,6
0.17,6,0.9972,3.29,9.2,6
0.05,24,0.9961,3.42,11.5,6
0.21,7,0.9961,3.33,9.5,5
0.04,19,0.9958,3.35,9.5,5
0.21,7,0.9961,3.33,9.5,5
0.42,8,0.9972,3.58,10.5,6
0,7,0.9969,3.48,9.6,5
0.14,10,0.9969,3.19,9.5,5
0.14,10,0.9969,3.19,9.5,5
0.49,23,0.9972,3.12,9.3,5
0.02,16,0.9972,3.44,9.3,5
0.2,11,0.9971,3.54,9.3,5
0.21,8,0.997,3.52,9.3,6
0.57,26,0.9971,3.26,9.7,5
0.48,14,0.9972,3.34,9.2,5
0.1,9,0.9976,3.39,9.7,5
0.33,15,0.9968,3.2,9.5,5
0.32,17,0.9968,3.2,9.5,5
0.35,21,0.9976,3.23,9.4,5
0.25,21,0.9974,3.57,9.8,6
0.12,16,0.9969,3.28,9.5,5
0.21,7,0.9964,3.28,9.7,5
0.21,7,0.9964,3.28,9.7,5
0.33,24,0.9968,3.25,9.4,5
0.3,15,0.9968,3.46,10.2,5
0.6,12,0.9981,3.11,10.1,6
0.08,13,0.9924,3.57,13,7
0.06,12,0.9948,3.51,11.4,4
0.47,9,0.99695,3.22,10.3,7
0.48,39,0.9975,3.04,9.3,5
0.11,16,0.99545,3.36,9.5,5
0.35,16,0.9961,3.34,9.2,5
0.36,14,0.99615,3.34,9.2,6
0.74,9,0.9994,3.2,10.8,7
0.74,9,0.9994,3.2,10.8,7
0.31,26,0.99625,3.29,9.3,5
0.28,18,0.9966,3.22,9.4,5
0.58,7,0.998,3.31,10.5,7
0.6,5,0.99585,3.3,12.4,6
0.24,10,0.99685,3.35,10,6
0.64,5,0.998,3.21,10.2,6
0.26,28,0.9959,3.3,10.1,5
0.08,10,0.9974,3.24,9.8,6
0.49,26,0.9974,3.34,10.5,5
0.16,13,0.9962,3.14,11,5
0.22,11,0.9967,3.36,9.1,5
0.19,10,0.9957,3.39,9.7,5
0.33,24,0.99655,3.3,9.5,5
0.37,24,0.9964,3.34,9.4,6
0.26,16,0.9957,3.15,9.4,5
0.04,5,0.99525,3.42,9.5,5
0.25,8,0.99815,3.28,10,6
0.36,15,0.99745,3.31,10.4,4
0.25,29,0.99615,3.37,10.5,6
0.5,27,0.9964,3.04,9.5,6
0.14,9,0.9984,3.39,9.8,5
0.25,29,0.99615,3.37,10.5,6
0.25,10,0.99685,3.46,11,5
0.04,19,0.9927,3.54,12.2,7
0.06,12,0.99625,3.37,9.9,6
0.2,18,0.998,3.34,9.6,6
0.25,10,0.99685,3.46,11,5
0.09,7,0.99685,3.32,9,6
0,14,0.99675,3.37,9,6
0,14,0.99675,3.37,9,6
0,15,0.99675,3.37,9.2,6
0,14,0.99675,3.37,9,6
0.09,7,0.99685,3.32,9,6
0.37,5,0.9971,3,9.3,5
0.56,6,0.99925,3.14,10.9,6
0.1,28,0.99565,3.08,9.8,6
0.44,10,1.00005,3.07,9.2,7
0.44,10,1.00005,3.07,9.2,7
0,6,0.9983,3.61,9.9,6
0.07,16,0.99685,3.38,9.5,5
0.17,11,0.9963,3.2,9.3,5
0.06,9,0.99615,3.35,9.8,6
0,6,0.9983,3.61,9.9,6
0.44,16,0.9985,3.22,10,6
0,16,0.9972,3.47,9.9,6
0.48,5,0.9986,3.17,10.5,5
0.42,8,0.9959,3.23,9.5,5
0,16,0.9972,3.47,9.9,6
0.23,17,0.99675,3.26,9.3,5
0.37,5,0.998,3.22,9.2,5
0,12,0.9968,3.49,9.2,5
0.76,8,0.9968,3.06,9.4,5
0.47,14,0.99965,3.36,10.5,7
0.23,18,0.99625,3.29,9.3,5
0.04,12,0.99565,3.35,9.4,4
0.03,10,0.99575,3.34,10,5
0.23,23,0.9963,3.28,9.3,5
0.49,5,0.9999,3.08,10.9,5
0.52,6,0.9968,3.2,10.2,7
0,26,1.00025,3.6,9.8,4
0.46,15,0.9973,3.35,12.8,8
0.04,7,0.9987,3.69,9.4,6
0.51,4,0.9996,3.28,10.1,6
0.06,27,0.9965,3.36,10.7,6
0.51,4,0.9996,3.28,10.1,6
0.58,17,0.99935,3.22,10.1,5
0.2,10,0.99735,3.31,9.4,5
0.18,27,0.99915,3.38,9.4,5
0.06,27,0.9965,3.36,10.7,6
0.04,7,0.9987,3.69,9.4,6
0.51,4,0.9996,3.28,10.1,6
0.45,5,0.9976,3.23,12.6,8
0.32,10,0.9991,3.38,10.5,7
0.44,6,0.9986,3.12,9.3,6
0.68,5,0.9972,3.25,9.9,7
0.12,12,0.9971,3.36,9.1,5
0.32,10,0.9991,3.38,10.5,7
0.07,32,1.00015,3.31,9.8,5
0.07,32,1.00015,3.31,9.8,5
0.55,25,0.9997,3.1,10.3,6
0.12,29,0.9967,3.37,10.3,6
0.09,20,0.9976,3.34,10.6,7
0.53,33,1.001,3.2,9.2,5
0.09,20,0.9976,3.34,10.6,7
0.48,6,0.9979,3.3,10.5,5
0.23,18,0.9994,3.22,10.3,6
0.25,5,0.9964,3.41,10.1,6
0.52,17,1.0014,3.05,9.5,6
0.46,5,1.0001,3.05,9.5,5
0.37,26,0.9981,3.16,9.9,5
0.06,8,0.99855,3.67,9.6,5
0.02,5,0.9993,3.67,9.7,5
0.06,8,0.99845,3.68,9.6,5
0.06,20,0.9965,3.38,10.7,6
0.48,7,0.9973,3.22,10.1,6
0.12,12,0.9994,3.51,10,5
0.12,5,0.996,3.39,9.5,5
0.6,12,0.9973,3.2,9.2,5
0.48,6,0.9998,3.12,9.3,6
0.32,7,0.9966,3.36,9.4,5
0.42,6,0.9994,3.19,9.5,6
0.44,5,0.9994,3.19,9.5,6
0.38,9,0.9968,3.41,9.5,6
0.48,6,0.9998,3.12,9.3,6
0.24,15,0.996,3.27,9.4,6
0.31,19,0.99815,3.32,9.5,6
0.3,30,0.9976,3.3,9.4,5
0.29,26,0.99645,3.39,11,5
0.29,20,0.9962,3.42,11,6
0.23,37,0.9996,3.3,10.1,5
0.12,30,0.99865,3.3,10.4,6
0.39,21,0.9989,3.37,11.5,7
0.12,30,0.99865,3.3,10.4,6
0.39,21,0.9989,3.37,11.5,7
0.26,25,0.99975,3.24,9.7,5
0.05,6,0.99735,3.29,9.3,5
0.42,35,0.999,3.28,9.5,6
0.2,13,1.0015,3.16,9.2,6
0.2,13,1.0015,3.16,9.2,6
0.66,6,0.9978,3.05,11.5,7
0.5,5,0.998,3.28,11.5,5
0.62,6,1.0002,3.16,9.7,6
0.39,7,0.9981,3.18,9.5,5
0.64,10,0.998,3.23,12.5,6
0.64,10,0.998,3.23,12.5,6
0.28,21,0.9973,3.22,9.4,6
0.08,16,0.9958,3.13,11,5
0.01,17,0.9963,3.34,11.7,7
0.53,7,0.9992,3.17,12.2,7
0.45,6,0.9948,3.35,12.5,6
0.32,29,0.9974,3.31,10.3,5
0.58,28,1.0008,3.16,11.5,6
0.54,12,0.9997,3.11,9.8,7
0.5,10,1,3.12,9.2,6
0.48,5,0.9972,3.21,11.3,6
0.47,6,0.9982,3.3,9.8,6
0.47,6,0.9982,3.3,9.8,6
0.5,6,1.0006,3.12,10.7,6
0,40,0.9979,3.6,9.9,5
0.02,17,0.9955,3.58,12.3,7
0.67,6,0.9986,3.02,12,6
0.31,15,0.9979,3.11,10,6
0,11,0.9994,3.36,9.4,6
0.22,17,1.0004,3.28,9.9,6
0,11,0.9994,3.35,9.4,6
0,8,0.9974,3.27,9.3,5
0.79,23,1.0018,3.18,13,5
0.4,40.5,0.9912,3.25,11.9,6
0.01,17,0.9955,3.55,12.8,6
0.52,29,1.0001,3.26,11,5
0.66,12,0.997,3.24,11.7,7
0.66,10,1,3.15,10.4,7
0.66,10,1.001,3.17,9.8,6
0.23,14,0.9973,3.19,9.4,5
0.31,21,0.9982,3.37,9.9,6
0.66,6,0.9992,3.05,10,5
0.63,6,0.9988,2.99,10.2,5
0.66,7,1.0022,3.07,10,7
0.5,7,0.9979,3.26,11.8,6
0.66,7,1.0022,3.07,10,7
0.61,11,1,3.16,9,5
0.52,15,0.9998,3.18,9.4,5
0.53,6,0.9962,3.2,12,7
0.02,35,0.9975,3.57,9.9,5
0.4,11,0.9967,3.32,8.7,6
0.48,26,0.9967,3.32,10.6,6
0.22,12,0.9959,3.05,9.2,5
0.63,6,1.0014,3.01,10.8,6
0.71,6,0.9984,3.01,11.8,7
0.5,19,1.0003,3.26,11,6
0.53,6,0.9962,3.2,12,7
0.66,6,0.9988,3.11,13.3,6
0.38,24,0.9979,3.31,10.8,6
0.42,11,0.9974,3.21,9.4,6
0.68,17,1.0014,3.06,10,6
0.42,11,0.9974,3.21,9.4,6
0.42,11,0.9974,3.21,9.4,6
0.28,23,0.998,3.42,9.2,5
0.07,11,0.9979,3.43,9.7,6
0.26,23,0.9981,3.41,9.2,6
0.15,17,0.9972,3.31,9.6,6
0.26,23,0.9981,3.43,9.2,6
0.31,16,0.9982,3.19,10,7
0.05,12,0.9924,3.56,12.9,8
0.68,17,1.0014,3.06,10,6
0.52,6,0.998,3.18,9.5,5
0.61,13,0.997,3.16,9.1,5
0.65,6,0.9997,3.03,9.9,5
0.76,7,1.0004,3.22,13,7
0.02,68,0.9994,3.47,9.9,5
0.59,13,0.9988,3.18,11,6
0.59,13,0.9988,3.18,11,6
0.22,9,0.9963,3.1,9.4,5
0.02,68,0.9994,3.47,9.9,5
0.3,20,0.9949,3.29,10.8,6
0.54,19,1,3.1,10.5,6
0.49,10,0.9994,3.15,10.5,6
0.05,15,0.9974,3.26,9.1,5
0.46,11,0.9966,3.36,10.1,6
0.47,9,0.9981,3.24,10.8,6
0.66,12,0.9996,3.18,10.8,7
0.58,6,0.997,3.19,11.3,6
0.49,26,0.9981,3.05,9.6,4
0.34,26,0.9987,3.38,9.5,6
0.35,23,0.9987,3.38,9.5,5
0.16,15,0.9966,3.27,9.3,5
0.53,6,0.9986,3.27,11.7,7
0.34,24,0.9982,3.26,9.5,5
0.24,31,1.0014,3.32,9.3,5
0.64,6,0.997,3.26,11.7,6
0.12,34,0.9956,3.44,10.5,5
0.51,7,0.9996,3.24,10.4,6
0,34,0.9976,3.62,9.9,5
0.33,35,0.9972,3.28,11.8,7
0.03,32,0.9952,3.52,12.3,7
0.2,15,0.9955,3.36,10.9,5
0.47,6,0.9978,3.15,11,7
0.2,15,0.9955,3.36,10.9,5
0.03,32,0.9952,3.52,12.3,7
0.08,19,0.9949,3.49,11.4,6
0.22,6,0.9988,3.26,10.6,6
0.33,9,0.9978,3.24,9.3,5
0.63,13,0.9997,3.1,10.4,6
0.47,6,0.9978,3.15,11,7
0.35,21,0.9974,3.25,9.2,5
0.69,12,0.9958,3,12.8,6
0.63,6,1.0004,3.16,9.5,5
0.55,22,0.9996,3.15,9.9,6
0.63,6,1.0004,3.16,9.5,5
0.3,38,0.9958,3.26,10.2,6
0.73,6,0.9986,3.17,11.2,6
0.55,22,0.9996,3.15,9.9,6
0.18,7,0.9951,3.08,9.3,5
0.72,6,0.9987,2.88,9.8,8
0.65,7,0.9988,3.06,11.3,6
0.76,6,1.0032,2.95,11.2,7
0.49,11,0.9963,3.23,11.6,7
0.01,5,0.9934,3.57,12.5,7
0.1,6,0.9986,3.23,10.1,6
0.6,31,0.9996,3.1,10.5,5
0.29,6,0.9968,3.22,11.2,5
0.22,7,0.9967,3.2,10.2,6
0.69,17,0.9994,3.1,10.8,6
0.69,17,0.9994,3.1,10.8,6
0.53,9,0.9979,3.06,9.1,6
0.03,18,0.9968,3.44,10,6
0.63,5,0.9998,3.26,11.2,7
0.4,21,0.9952,3.5,11.1,5
0.67,6,0.9988,3.22,13.4,8
0.39,5,0.9986,3.37,10.3,5
0.21,29,0.9988,3.28,9.6,5
0.63,5,0.9998,3.26,11.2,7
0.66,10,1.0008,3.25,9,3
0.52,14,0.9976,3.35,11.3,6
0.22,6,0.9982,3.26,9.3,5
0.68,10,0.997,3.18,11.8,5
0.7,25,0.9972,3.08,9,5
0.54,5,0.9987,2.98,9.2,6
0.4,10,1.0006,3.48,9.7,5
0.42,21,0.9982,3.16,11.5,6
0.45,7,0.9947,3.32,14,6
0.69,6,1,3.17,9.2,6
0.02,36,0.9952,3.2,9.8,5
0.65,15,0.9996,3.05,10.6,5
0.42,25,0.997,3.2,11.4,6
0.55,25,0.9995,3.15,10.4,6
0.55,5,0.9971,3.26,10.6,5
0.51,10,0.9982,3.2,9.4,6
0.24,5,0.9988,3.14,10.2,5
0.41,6,0.998,3.28,9.7,5
0.49,6,0.9977,3.18,11,6
0.24,5,0.9988,3.14,10.2,5
0.11,6,0.9984,3.19,10.1,6
0.39,6,1.0026,3.12,9.2,5
0.56,6,0.9964,3.15,11.7,8
0.59,6,0.9986,3.04,9.4,5
0.6,7,0.9986,3.04,9.4,5
0.68,6,0.997,3.06,13.4,6
0.39,6,0.9976,3.17,10,5
0.39,6,0.9976,3.17,10,5
0.36,5,0.9982,3.17,10,6
0.55,35,1.0002,3.32,10.8,7
0.4,10,0.9984,3.34,10.2,6
0.27,24,0.9984,3.31,10.6,6
0.5,12,0.9952,3.34,13.3,7
0.51,13,0.995,3.32,13.4,7
0.31,23,1.0002,3.48,11.6,6
0.23,28,0.9952,3.44,12.1,6
0.53,5,0.9972,3.15,11,8
0.25,14,0.9984,3.43,9,6
0.32,43,0.9966,3.32,11.1,5
0.53,5,0.9972,3.15,11,8
0.31,23,1.0002,3.48,11.6,6
0.25,14,0.9984,3.43,9,6
0.73,38,0.999,3.17,12,7
0.73,38,0.999,3.17,12,7
0.47,6,0.9976,3.18,10.9,7
0.42,6,0.9976,3.21,10.8,7
0.63,10,0.9968,3.16,12.5,7
0.46,6,0.9976,3.25,10.8,7
0.55,6,1,3.17,9.5,6
0.31,26,0.9994,3.18,10.2,6
0.75,23,0.9986,3.04,11.4,7
0.49,19,0.9978,3.02,9.5,5
0.31,26,0.9994,3.18,10.2,6
0.48,15,0.998,3.03,9.7,6
0.64,6,0.9973,3.09,11.8,7
0.64,6,0.9973,3.09,11.8,7
0.49,34,1.001,3.31,9.3,5
0.49,5,1.001,3.25,11.9,6
0.49,5,0.9994,3.16,8.4,3
0.49,11,0.9972,3.22,11.7,6
0.49,39,0.9966,3.36,11,5
0.49,15,0.9982,3.42,10,6
0.49,16,0.998,3.48,9.1,5
0.49,47,0.9979,3.38,9.8,5
0.49,38,0.9978,3.22,9.4,5
0.49,23,0.9976,3.23,9.5,5
0.24,29,0.9998,3.24,9.9,5
0.49,39,0.9966,3.36,11,5
0.49,33,0.9962,3.39,11.4,6
0.49,32,0.9988,3.34,8.7,6
0.24,6,0.9974,3.09,9.4,5
0.24,1,0.999,3.41,10.3,6
0.49,12,1.0004,3.16,10.3,5
0.49,12,1.0004,3.16,10.3,5
0.24,15,0.9956,3.22,12.8,6
0.24,13,1,3.28,10,6
0.24,1,0.999,3.41,10.3,6
0.24,6,0.9974,3.09,9.4,5
0.24,5,0.9972,3.37,10.7,6
0.49,5,1.0014,3.2,12,7
0.74,5,0.9996,3.22,11.2,5
0.24,20,0.9988,3.26,9.6,5
0.49,5,0.9988,3.21,11,6
0.24,5,0.9966,3.12,9.9,5
0.24,16,0.9993,3.06,11,6
0.74,6,1.0008,2.86,8.4,6
0.49,38,0.9982,3.08,9.1,5
0.24,10,0.9983,3.45,9.5,6
0.49,6,0.9987,3.26,10.7,6
0.49,27,0.9994,3.12,10.4,6
0.49,6,0.9975,3.27,9.4,6
0.01,9,0.9958,3.33,9.5,6
0.24,14,0.998,3.19,10,6
0.24,14,0.998,3.12,10,6
0.24,32,0.9934,3.74,11.5,5
0.49,10,1.00315,2.92,11.1,5
0.49,10,1.00315,2.92,11.1,5
0.49,10,1.0002,3.07,11.7,6
0.49,10,1.00315,2.92,11.1,5
0.49,10,1.0002,3.07,11.7,6
0.49,6,1.0021,3.3,12.7,6
0.49,5,0.9994,3.14,11.4,5
0.49,26,0.9978,3.23,9.2,5
0.49,41,0.9982,3.08,9.2,5
0.49,25,0.9971,3.31,10.1,6
0.49,6,1.0021,3.3,12.7,6
0.49,5,0.9994,3.14,11.4,5
0.24,5,0.9991,3.32,9,6
0.24,5,0.9991,3.32,9,6
0.49,5,0.999,3.31,10.7,6
0.24,19,0.9946,3.57,11.7,6
0.49,10,1.0003,3.32,11,6
0.24,19,0.9946,3.57,11.7,6
0.49,10,0.9978,3.14,10.4,5
0.49,14,0.9991,3.3,9.6,4
0.49,20,0.9992,3.19,10,6
0.49,28,0.9993,3.2,10.2,6
0.24,6,0.9978,3.34,10,4
0.49,18,0.9982,3.3,9.5,5
0.49,17,0.9982,3.29,9.8,5
0.49,18,0.9976,3.14,9.8,6
0.49,5,1.0002,3.19,9.6,5
0.49,5,1.0002,3.19,9.6,5
0.49,5,1,3.19,9.2,5
0.49,10,0.9976,2.98,9.9,7
0.49,54,1.0002,3.3,10.7,7
0.24,8,0.998,3.47,9.6,6
0.49,16,0.9986,3.12,10.6,7
0.24,18,0.9967,3.26,9.3,5
0.24,19,0.9917,3.72,14,8
0.49,5,0.9976,3.05,10.5,7
0.49,21,0.9987,3.35,9.7,5
0.49,23,0.9922,3.12,11.5,6
0.49,21,0.9987,3.35,9.7,5
0.58,9,1.0004,3.29,9,5
0.17,20,0.9978,3.4,9.5,5
0.41,30,0.9998,3.27,9.3,5
0.51,6,0.9994,3.04,9.3,6
0.58,5,0.998,3.09,10,6
0.18,5,0.9967,3.2,9.8,6
0.45,11,1,3,9.3,6
0.27,7,0.9962,3.26,10,4
0.52,12,1.0006,3.1,9,6
0,6,0.9975,3.3,9.3,5
0.52,12,1.0006,3.1,9,6
0.13,14,0.9984,3.17,9.1,6
0.13,6,0.9984,3.31,9.2,6
0.48,10,0.9973,3.34,12.2,7
0.41,26,0.9982,3.31,10.5,6
0.37,11,1.0026,3.32,10.4,6
0.19,15,0.9956,3.56,12.7,6
0.54,25,0.9983,3.39,9.2,5
0.55,5,1.0006,2.98,9.4,5
0,18,0.9965,3.32,10,6
0.38,10,0.9962,3.26,9.8,5
0.18,10,0.9969,2.87,10.2,6
0.5,28,0.9997,3.5,9.7,5
0.5,28,0.9997,3.5,9.7,5
0.51,14,0.9982,3.03,9.8,6
0.5,4,1.0006,3.13,10.2,5
0.41,6,0.9988,3.09,9.3,5
0.24,16,0.9976,3.27,9.4,5
0.23,14,0.9976,3.28,9.4,5
0.22,9,0.9974,3.13,9.5,5
0.25,21,0.9974,3.49,12.1,6
0,21,0.9997,3.46,10.2,5
0,21,0.9997,3.46,10.2,5
0.29,5,0.9988,3.36,9.1,5
0.29,5,0.9988,3.36,9.1,5
0.26,7,0.9976,3.27,9.3,6
0.23,20,0.9964,3.21,9.3,5
0.26,7,0.9976,3.27,9.3,6
0.54,5,0.9988,3.25,9.5,5
0.14,21,0.9964,3.32,10.5,6
0.22,11,1.001,3.43,11.3,4
0.21,46,0.9964,3.27,9.5,5
0,24,0.9954,3.27,9.7,5
0.28,30,0.9979,3.24,9.4,5
0.27,31,0.9978,3.24,9.4,5
0.12,7,0.9964,3.35,10.2,7
0.35,25,0.997,3.18,10.3,6
0.45,16,0.9991,3.39,9.4,5
0.44,21,0.9992,3.46,9.5,5
0.45,16,0.9991,3.39,9.4,5
0.44,21,0.9992,3.46,9.5,5
0.45,16,0.9991,3.39,9.4,5
0.1,5,0.9984,3.37,10.1,7
0.05,6,0.9972,3.4,10.1,5
0.01,5,0.9967,3.32,11,4
0.3,10,0.9964,3.33,11.2,7
0.27,24,0.9948,3.16,11.3,6
0.39,8,0.9986,2.89,9.6,5
0.25,35,1.001,3.41,11.2,5
0.65,22,0.9976,2.98,14.9,5
0.59,9,0.9976,3.12,12,6
0.47,7,0.9979,3.08,9.5,5
0.17,20,1.0004,3.14,9.4,5
0.39,8,0.9986,2.89,9.6,5
0.59,23,0.998,2.92,10.5,7
0.07,5,0.9973,3.32,9.6,6
0.02,5,0.997,3.41,11,4
0.07,5,0.9973,3.32,9.6,6
0.31,15,0.9978,3.31,9,5
0.06,9,0.9972,3.36,9.6,6
0.46,5,0.9974,3.04,10.2,6
0.52,15,1,3.03,10.2,5
0.14,25,0.9981,3.14,9.7,5
0.36,6,0.998,3.18,9.5,6
0.45,6,0.9988,2.94,9.2,6
0.43,15,0.9966,3.15,11,5
0.45,6,0.9988,2.94,9.2,6
0.24,30,0.9959,3.26,10,5
0.21,5,0.9968,3.2,9.5,5
0.34,32,0.998,3.15,9.5,5
0.21,5,0.9968,3.2,9.5,5
0.41,7,0.9984,3.08,9.3,6
0.39,12,0.9984,3.26,10.2,5
0.41,7,0.9984,3.08,9.3,6
0.11,12,0.9979,3.4,9.9,5
0.1,45,0.9983,3.48,10,5
0.45,20,0.9972,3.13,9.6,5
0.58,15,1.0004,3.06,9,5
0.23,16,0.9962,3.21,10.2,6
0.31,32,0.998,3.33,9.8,5
0.23,5,0.997,3.37,11.3,5
0.32,35,0.998,3.25,9.4,5
0.23,5,0.997,3.37,11.3,5
0.18,13,0.997,3.44,9.1,5
0.23,13,0.9998,3.28,9.7,5
0.04,4,0.9962,3.4,9.4,5
0.48,5,0.9976,3.3,9.4,5
0,5,0.9966,3.63,10.7,3
0.24,12,0.9998,3.48,9.8,5
0.51,16,0.9979,3.03,9,5
0.32,21,0.9984,3.32,9.4,5
0.31,24,0.9984,3.31,9.4,5
0.02,18,0.9921,3.9,12.8,6
0.02,8,0.9972,3.47,9.5,6
0.02,8,0.9972,3.47,9.5,6
0.28,18,1.0001,3.31,9.7,5
0.55,5,0.9986,3.11,10.8,6
0.43,26,0.9984,3.08,10.1,6
0.02,8,0.9972,3.47,9.5,6
0.02,9,0.997,3.47,9.4,6
0.48,22,0.9972,3.32,9.6,4
0.04,4,0.998,3.29,9.7,4
0.15,11,0.999,3.37,9.9,5
0.08,10,0.9956,3.4,10,5
0.19,16,0.9966,3.37,10.5,5
0.12,11,0.996,3.34,11.6,6
0.47,13,0.9983,3.27,10,6
0.43,21,0.9985,3.06,10.1,5
0.34,16,0.9998,3.38,9.5,5
0,13,0.9992,3.36,9.4,5
0.36,10,0.9976,3.34,9.4,5
0.28,21,0.998,3.28,9.8,5
0.18,13,0.9967,3.29,9.2,6
0.36,10,0.9976,3.34,9.4,5
0.11,12,0.9968,3.21,10,5
0.04,10,0.9976,3.22,9.6,5
0,17,0.9976,3.46,9.5,5
0.04,10,0.9976,3.22,9.6,5
0.24,35,0.9982,3.1,9.2,5
0.08,15,0.9968,3.21,10,5
0.3,36,0.9965,2.94,9.5,5
0.1,5,0.9958,3.54,11.2,4
0.17,5,0.9976,3.29,10.4,5
0.09,18,0.9994,3.43,11.1,6
0.02,4,0.997,3.46,9.5,5
0.02,4,0.997,3.46,9.5,5
0.03,27,0.995,3.61,12.7,6
0.66,12,0.9982,3.17,9.6,5
0.13,4,0.9994,3.44,11.5,5
0.03,10,0.9966,3.39,9.6,5
0.34,16,0.998,3.55,9.5,5
0.2,9,0.9987,3.48,9.3,5
0.1,11,0.9963,3.26,9.5,5
0.1,11,0.9963,3.26,9.5,5
0,19,1.0002,3.5,9.3,6
0.23,28,0.9983,3.1,9.2,5
0,19,0.999,3.35,9.3,5
0.29,12,0.9965,3.45,11.5,6
0.24,28,0.99788,3.21,9.5,5
0,9,0.9972,3.46,9.2,5
0.58,25,1.00024,3.13,10,5
0.54,21,1.0001,3.13,9.5,5
0.18,12,0.99768,3.52,9.5,6
0.38,12,0.9978,3.3,9,6
0.4,16,0.99782,3.3,9.4,5
0.18,12,0.99761,3.52,9.6,6
0.18,12,0.99768,3.52,9.5,6
0.1,17,0.99803,3.29,9.5,5
0.1,17,0.99803,3.29,9.5,5
0.13,24,0.99785,3.39,9.4,5
0.1,17,0.99803,3.29,9.5,5
0.68,14,0.99656,3.09,9.1,6
0.07,22,0.99525,3.51,10.7,6
0.01,15,0.99488,3.6,11.2,6
0,10,0.99656,3.25,9.8,5
0,10,0.99656,3.25,9.8,5
0.21,33,0.99823,3.19,9.2,5
0.25,9,0.99779,3.23,9.7,5
0.26,5,0.99738,3.25,9.6,5
0,8,0.99701,3.31,10,6
0.26,5,0.99738,3.25,9.6,5
0.11,11,0.99888,3.31,9.5,6
0.1,12,0.99888,3.31,9.5,6
0.18,12,0.99738,3.14,9.4,5
0.32,13,0.99938,3.45,9.5,5
0.02,24,0.99744,3.55,9.7,6
0.01,7,0.99668,3.39,9.6,5
0.02,24,0.99744,3.55,9.7,6
0.26,23,0.9978,3.28,9.4,5
0.27,23,0.99782,3.27,9.4,5
0.29,1,0.9973,3.3,9.5,6
0.3,2,0.99727,3.31,9.5,6
0,7,0.99586,3.43,10,5
0.18,5.5,0.99612,3.4,10.3,6
0.17,6,0.9961,3.4,10.3,6
0.3,7,0.99788,3.36,10.5,5
0.03,21,0.99745,3.5,9.8,5
0,12,0.99676,3.31,9.4,6
0.14,9,0.99732,3.66,9.8,5
0.05,26,0.99814,3.36,10,5
0.14,9,0.99732,3.66,9.8,5
0.01,20,0.99746,3.55,9.8,5
0.41,11,0.9982,3.21,9.5,5
0.41,11,0.9982,3.21,9.5,5
0.24,19,0.9991,3.18,10.1,6
0.24,19,0.9991,3.18,10.1,6
0.17,21,0.998,3.09,9.3,5
0.43,18,0.99708,3.33,9.7,6
0.17,25,0.99818,3.23,9.6,5
0.02,17,0.99745,3.48,9.7,6
0,7,0.99639,3.38,10.8,5
0.54,7,0.99531,3.17,12.5,6
0.3,7,0.99786,2.99,10.2,5
0.31,24,0.99746,3.1,9.6,5
0.44,21,0.99526,3.24,10.8,7
0.34,5,0.9987,3.29,10.7,6
0.34,5,0.9987,3.29,10.7,6
0.08,26,0.99641,3.25,9.4,5
0.09,8,0.99735,3.23,10,5
0,14,0.99264,3.56,12.9,7
0.08,14,0.9971,3.24,9.6,6
0.22,4,0.99682,3.26,9.9,6
0.4,4,0.99356,3.33,12.8,7
0.39,4,0.99386,3.27,12.5,7
0.4,4,0.99356,3.33,12.8,7
0.12,4,0.99702,3.26,9.2,5
0.31,4,0.99693,3.22,10.3,6
0.1,4,0.99562,3.3,10.5,5
0.55,7,1.00012,3.09,10.9,6
0.33,20,0.99818,3.24,10.8,5
0.24,4,0.99462,3.44,11.4,4
0.54,19,0.99939,3.21,11.3,6
0.33,20,0.99818,3.24,10.8,5
0.19,8,0.9984,3.23,10.5,6
0.42,19,0.99545,3.28,11.9,6
0,21,0.99632,3.29,9.4,5
0.15,9,0.99976,3.28,9.6,5
0,9,0.99606,3.34,9.7,5
0,16,0.99154,3.71,14,7
0.13,15,0.9973,3.61,9.8,5
0.13,15,0.9973,3.61,9.8,5
0.28,6,0.99682,3.24,10.3,5
0.14,15,0.99624,3.36,10.7,5
0.34,4,0.9951,3.4,11,7
0.14,15,0.99624,3.36,10.7,5
0.09,34,0.99417,3.46,12.7,8
0.08,16,0.99376,3.56,11.1,6
0.07,5,0.99632,3.38,10.9,4
0.08,16,0.99376,3.56,11.1,6
0.42,34,0.99832,3.38,9.9,3
0.44,36,0.99836,3.38,9.9,4
0.26,16,0.99694,3.32,9.4,5
0.1,27,0.99655,3.39,9.3,5
0.28,36,0.99064,3.26,11.7,7
0.28,36,0.99064,3.26,11.7,7
0.35,9,0.99672,3.24,11.2,7
0.04,13,0.99647,3.46,10,5
0.47,9,0.99736,3.24,12.1,7
0,21,0.99629,3.45,10.3,5
0.45,34,0.99708,3.23,10.9,6
0.35,9,0.9963,3.28,9.4,5
0.46,26,0.9959,3.18,10.6,6
0.21,14,0.99689,3.59,9.8,5
0.21,14,0.99689,3.59,9.8,5
0.16,12,0.9977,3.5,9.9,6
0.21,14,0.99689,3.59,9.8,5
0.21,12,0.99689,3.58,9.8,5
0.44,9,0.99708,3.28,9.5,5
0.44,9,0.99708,3.28,9.5,5
0.32,26,0.99801,3.22,9.7,5
0.39,41,0.99652,3.47,10.9,6
0.39,41,0.99652,3.47,10.9,6
0.02,10,0.99538,3.51,11.7,7
0.39,41,0.99652,3.47,10.9,6
0.34,16,0.99594,3.4,11.3,7
0.47,17,0.99686,3.15,10.6,7
0.22,15,0.99438,3.4,11.2,6
0.06,15,0.99746,3.51,9.5,5
0.66,15,0.99357,3.66,11.5,6
0.32,7,0.99628,3.24,10.4,5
0.06,17,0.99746,3.51,9.7,5
0.06,15,0.99746,3.51,9.5,5
0.07,16,0.99748,3.51,9.7,5
0.22,13,0.99438,3.41,11.3,6
0.23,13,0.99438,3.4,11.2,6
0.22,15,0.99438,3.4,11.2,6
0.03,27,0.99578,3.44,10.9,6
0.01,31,0.99371,3.41,11.8,6
0.03,36,0.99522,3.53,10.6,5
0.24,28,0.99576,3.43,10,4
0.37,6,0.99552,3.23,11.1,7
0.46,6,0.99664,3.12,11.8,7
0.4,7,0.99614,3.31,11.8,7
0,7,0.99517,3.4,10.9,4
0.01,31,0.99371,3.41,11.8,6
0.19,30,0.99787,3.22,10,6
0.04,18,0.99745,3.53,9.5,5
0.18,10,0.99576,3.15,9.9,5
0,30,0.99533,3.48,11.4,6
0.29,14,0.99536,3.22,12,6
0.04,18,0.99745,3.53,9.5,5
0.19,30,0.99787,3.22,10,6
0.14,9,0.99824,3.34,10.5,5
0.12,8,0.99836,3.33,10.4,6
0.38,29,0.99577,3.15,12.1,7
0,32,0.99491,3.43,11.2,6
0.34,23,1.00289,3.22,9.3,5
0.24,30,0.99576,3.44,10.1,5
0.03,16,0.99743,3.53,9.7,5
0.23,10,0.99774,3.22,9.3,6
0.03,16,0.99743,3.53,9.7,5
0.03,17,0.99745,3.53,9.8,6
0.01,27,0.9955,3.42,10.7,6
0.39,17,0.99444,3.31,12.5,7
0.01,27,0.9955,3.42,10.7,6
0.39,17,0.99444,3.31,12.5,7
0.02,6,0.99892,3.48,11,3
0.36,10,0.99562,3.4,11.8,5
0.1,16,0.99736,3.58,10.8,7
0.1,16,0.99736,3.58,10.8,7
0.06,11,0.9962,3.41,10.8,7
0.06,11,0.9962,3.41,10.8,7
0.2,15,0.998,3.23,9.5,5
0.27,12,0.9964,3.39,11,5
0,6,0.9948,3.59,11.5,6
0.13,34,0.99528,3.43,10.8,6
0.39,7,0.99331,3.29,11.5,6
0.48,3,0.99577,3.23,13.2,6
0.46,3,0.99901,3.18,10.9,6
0.44,4,0.99674,3.33,12.2,6
0.46,3,0.99639,3.27,12.2,7
0.39,7,0.99331,3.29,11.5,6
0.4,3,0.99512,3.27,11.9,6
0.19,7,0.99395,3.62,11,5
0.31,26,0.99824,3.38,10.1,6
0.32,32,0.9964,3.3,11,6
0.12,38,0.99504,3.38,11.8,6
0.37,10,0.99786,3.24,10.5,5
0.32,32,0.9964,3.3,11,6
0.12,38,0.99504,3.38,11.8,6
0.31,26,0.99824,3.38,10.1,6
0.27,14,0.99516,3.18,11.2,5
0.36,53,0.99604,3.47,11,7
0.33,52,0.99786,3.47,10.2,6
0.19,11,0.99736,3.2,9.2,4
0.27,14,0.99516,3.18,11.2,5
0.38,10,0.99468,3.3,12,7
0.01,8,0.99746,3.69,10.5,5
0.01,13,0.99748,3.48,9.8,5
0.29,29,0.9971,3.45,9.5,6
0.01,13,0.99748,3.48,9.8,5
0.01,8,0.99746,3.69,10.5,5
0.38,19,0.99543,3.39,11.8,6
0.38,19,0.99543,3.39,11.8,6
0.5,6,0.99791,3.07,10.4,4
0.38,23,0.99356,3.34,12.9,7
0.17,7,0.99425,3.61,11.4,5
0.52,13,0.99509,3.36,12.4,7
0.49,9,0.99484,3.19,12.5,7
0.4,13,0.99834,3.22,10,7
0.34,10,0.99864,3.24,9.7,7
0.49,11,0.99498,3.27,12.1,7
0.42,7,0.99566,3.14,11.1,7
0.58,11,0.99745,3.29,12,7
0.48,6,0.99408,3.26,12.4,7
0.45,10,0.99552,3.41,11.9,7
0.45,10,0.99552,3.41,11.9,7
0.45,10,0.99552,3.41,11.9,7
0.48,6,0.99408,3.26,12.4,7
0.4,6,0.99536,3.31,11.2,7
0.48,5,0.99458,3.2,12.1,7
0.4,6,0.99538,3.44,12.2,6
0.52,9,0.99648,3.36,10.4,5
0.52,5,0.99568,3.31,11.3,6
0.52,12,0.99613,3.29,11.1,6
0.12,25,0.99519,3.47,11.3,7
0.05,12,0.99735,3.36,10,5
0.27,18,0.99518,3.16,11.1,6
0.14,7,0.99592,3.27,9.3,5
0.02,6,0.99654,3.38,9.5,5
0.39,20,0.99546,3.15,11.2,6
0.27,18,0.99518,3.16,11.1,6
0.4,24,0.99554,3.34,11,6
0.41,6,0.99604,3.13,11.9,7
0.2,23,0.99733,3.13,9.2,5
0.43,29,0.9943,3.2,12.2,6
0.09,7,0.99669,3.46,10.2,5
0.48,6,0.99724,3.33,10.9,6
0.48,6,0.99724,3.33,10.9,6
0.5,6,0.99643,3.22,11.6,7
0.44,6,0.99605,3.52,10.7,5
0.41,7,0.99658,3.3,12.1,7
0.3,35,0.997,3.44,9.4,5
0.3,35,0.997,3.44,9.4,5
0.29,31,0.99801,3.15,9.1,5
0.32,9,0.99416,3.28,11.3,7
0.49,3,0.9969,3.13,10.4,5
0.3,8,0.99774,3.32,10.5,6
0.26,13,0.99712,3.25,10,5
0.32,51,0.99418,3.34,12.9,6
0.3,8,0.99774,3.32,10.5,6
0.49,3,0.9969,3.13,10.4,5
0,7,0.99562,3.45,11.3,6
0.39,3,0.9947,3.19,11.4,7
0.3,35,0.99693,3.44,9.4,5
0.12,19,0.99596,3.16,9.4,5
0.4,14,0.99556,3.14,10.9,6
0.12,19,0.99596,3.16,9.4,5
0.28,31,0.99694,3.45,9.4,5
0.1,30,0.99554,3.36,9.4,6
0.28,31,0.99694,3.45,9.4,5
0.45,20,0.99918,3.15,9.4,5
0.06,19,0.99697,3.39,10.1,6
0,3,0.99378,3.71,12.8,7
0,3,0.99378,3.71,12.8,7
0.34,4,0.99554,3.12,9.1,6
0,7,0.99162,3.47,12.9,6
0.3,6,0.99495,3.44,11.5,7
0.38,31,0.99676,3.26,10.6,7
0.33,13,0.99516,3.26,11.7,7
0.32,4,0.9928,3.36,12.8,7
0.29,27,0.99603,3.25,10.3,5
0.32,4,0.9928,3.36,12.8,7
0.33,13,0.99516,3.26,11.7,7
0.34,12,0.99516,3.26,11.7,7
0.4,12,0.99549,3.23,12,7
0.36,26,0.99722,3.18,10.9,5
0.45,7,0.99354,3.25,12.3,7
0.31,12,0.9957,3.17,10.4,6
0.15,11,0.99604,3.23,10,5
0,22,0.99635,3.38,10,6
0.16,3,0.99454,3.22,11.2,6
0.46,14,0.99598,3.06,11.4,6
0.4,12,0.99486,3.27,12.6,7
0.37,36,0.99007,2.89,12.7,6
0.37,36,0.99007,2.89,12.7,6
0.14,10,0.99636,3.53,10.4,5
0.66,3,0.99642,3.2,11.9,6
0.66,3,0.99642,3.2,11.9,6
0.09,4,0.99584,3.35,10.5,5
0.42,3,0.99506,3.27,12.3,6
0.01,12,0.99568,3.32,10.5,7
0,17,0.99822,3.33,10.4,6
0.32,14,0.99364,3.41,12.6,6
0,28,0.99378,3.49,11.6,5
0.21,41,0.99586,3.37,10.1,6
0.01,12,0.99568,3.32,10.5,7
0,9,0.99488,3.42,11.5,7
0.01,9,0.99514,3.35,11,7
0,5,0.99854,3.36,9.6,5
0.08,14,0.99592,3.3,10.4,6
0.18,15,0.99739,3.2,9.7,6
0.34,5,0.99683,3.17,10.6,7
0.34,26,0.99356,3.22,12.5,7
0.1,20,0.99672,3.35,9.2,5
0.41,25,0.9953,3.24,12.6,7
0.21,21,0.99692,3.33,11.1,6
0,16,0.99756,3.58,10.2,5
0.19,13,0.99547,3.38,9.8,6
0.21,21,0.99692,3.33,11.1,6
0.41,18,0.99859,3.29,10.9,7
0.33,12,0.99294,3.36,12.2,6
0,32,0.99438,3.32,11.4,6
0,33,0.99612,3.31,10.7,6
0.17,27,0.99634,3.49,10.4,5
0.36,3,0.99702,3.27,10.9,6
0.36,6,0.99704,3.27,10.8,6
0.17,27,0.99634,3.49,10.4,5
0.59,16,0.99702,3.03,9.2,5
0.05,19,0.99258,3.56,12.9,5
0.42,9,0.99426,3.38,12.7,7
0.27,5,0.99747,3.13,9.1,6
0.27,5,0.99747,3.13,9.1,6
0.53,3,0.99586,3.21,12.1,7
0.25,28,0.99784,3.15,9.1,5
0.57,30,0.9971,3.19,11.6,7
0.53,3,0.99586,3.21,12.1,7
0.57,3,0.9981,3.14,9.9,6
0.5,7,0.99462,3.21,12.5,8
0.44,6,0.9956,3.3,11.4,6
0.65,6,0.99565,3.22,11.8,6
0.09,5,0.99418,3.28,11.8,6
0.18,6,0.9963,3.29,10.2,6
0.08,13,0.99358,3.4,12.5,7
0.53,3,0.99572,3.02,10.9,7
0.53,3,0.99572,3.02,10.9,7
0.35,28,0.997,3.31,10.8,5
0.45,19,0.99498,3.18,11.1,7
0.2,30,0.99892,3.2,9.2,5
0.26,33,0.9968,3.4,9.5,6
0.33,16,0.9972,3.31,10.7,6
0.2,30,0.99892,3.2,9.2,5
0.34,45,0.99769,3.44,10.2,7
0.56,3,0.99534,3.15,11.4,6
0.65,3,0.99817,3.27,11,5
0.65,3,0.99817,3.27,11,5
0.68,37.5,0.99316,3.01,12.3,7
0.56,3,0.99471,3.16,11.8,6
0.68,37.5,0.99316,3.01,12.3,7
0.3,31,0.99685,3.42,9.5,6
0.45,32,0.99617,3.33,12,6
0.3,31,0.99685,3.42,9.5,6
0.08,40,0.99529,3.12,9.6,5
0.4,3,0.99738,3.38,11.6,7
0.42,18,0.994,3.29,11.2,6
0.54,22,0.99735,3.02,9.9,7
0.54,22,0.99735,3.02,9.9,7
0.54,42,0.99451,2.98,11.8,8
0.42,8,0.99546,3.35,11.4,6
0.09,10,0.99479,3.43,11.5,6
0.36,11,0.99615,3.33,12,7
0.09,9,0.99655,3.35,10.8,6
0.47,6,0.99772,3.15,10.5,5
0.09,9,0.99655,3.35,10.8,6
0.38,5,0.99666,3.2,9.4,5
0.45,5,0.99358,3.15,12.5,7
0.38,5,0.99666,3.2,9.4,5
0.42,23,0.99392,3.11,12.4,6
0.27,14,0.99388,3.35,12,6
0.09,18,0.99402,3.45,11.2,6
0.27,14,0.99388,3.35,12,6
0.34,16,0.9936,3.28,12.4,6
0.28,13,0.99374,3.41,12.8,5
0.42,9,0.99376,3.21,12.3,6
0.41,10,0.99523,3.27,11.7,7
0.1,4,0.99855,3.36,9.5,5
0.43,27,0.9982,3.17,10.8,6
0,6,0.99593,3.25,10,6
0.27,23,0.99471,3.78,12.3,7
0.41,6,0.99396,3.29,11,6
0.39,3,0.99698,3.12,9.5,6
0.5,29,0.9902,3.49,13.6,6
0.07,15,0.99572,3.38,11.3,6
0.07,15,0.99572,3.38,11.3,6
0.07,15,0.99572,3.38,11.3,6
0.12,14,0.99252,3.3,13.3,6
0,7,0.99256,3.52,12.9,5
0.34,8,0.99235,3.2,13.1,8
0,21,0.99352,3.44,12.3,6
0,27,0.9922,3.45,12.3,6
0.37,17,0.99674,3.12,11.2,6
0,3,0.99557,3.62,11.5,4
0.35,13,0.99394,3.14,11.3,7
0.26,3,0.9915,3.39,13.5,6
0,26,0.99379,3.51,11.5,6
0.33,28,0.9984,3.22,10,5
0.35,24,0.99798,3.21,10.5,6
0,5,0.9977,3.18,10.4,6
0.21,57,0.99341,3.32,9.5,5
0.34,18,0.9933,3.38,13.6,7
0.07,10,0.99684,3.37,11.2,7
0.35,6,0.99524,3.3,11.8,7
0.43,22,0.9946,3.38,11.9,6
0.45,6,0.99774,3.22,11.4,6
0.45,6,0.99774,3.22,11.4,6
0.15,29,0.99786,3.14,9.1,5
0.24,16,0.99764,3.34,9.5,6
0.3,33,0.9969,3.41,9.5,6
0.32,24,0.99624,3.27,11,6
0.11,6,0.99354,3.3,11.4,6
0.3,16,0.99672,3.61,10,6
0.23,35,0.99588,3.43,10.1,5
0.43,31,0.99672,3.53,10.4,6
0.12,6,0.996,3.28,9.8,6
0.45,6,0.99702,3.21,11.8,7
0.42,9,0.99526,3.39,11.6,6
0.47,6,0.99585,3.23,12,6
0.32,4,0.99473,3.3,12.8,7
0.23,16,0.99352,3.46,12.5,6
0.25,9,0.99616,3.15,9.8,5
0.35,17,0.99622,3.23,11.1,6
0,50,0.99544,3.59,11.4,6
0.25,9,0.99616,3.15,9.8,5
0.51,45,0.99524,3.33,11.8,7
0.18,16,0.9924,3.46,12.9,7
0.43,22,0.99572,3.42,10.6,6
0.43,11,0.99728,3.16,10.8,5
0.57,6,0.99676,3.14,11.1,7
0.43,12,0.99551,3.21,10.2,6
0.42,12,0.99434,3.14,11.8,7
0.24,10,0.99692,3.29,10,5
0.24,10,0.99692,3.29,10,5
0.5,15,0.99634,3.01,9.4,5
0.26,7,0.99709,2.94,10.2,5
0.39,29,0.99528,3.32,12.4,7
0.27,8,0.99384,3.21,12,6
0.29,5,0.99502,3.32,11.5,6
0.34,5,0.99667,3.2,10.5,6
0,26,0.99522,3.42,10.8,6
0.46,5,0.99649,3.27,12.3,6
0.31,26,0.99716,3.46,9.5,6
0.31,26,0.99716,3.46,9.5,6
0,48,0.99541,3.61,11.5,6
0.03,23,0.99572,3.58,11.2,4
0,6,0.99318,3.35,12.7,7
0,17,0.99346,3.68,11.4,5
0.33,11,0.99599,3.27,11,6
0.33,11,0.99599,3.27,11,6
0.43,5,0.99478,3.19,11.4,5
0.4,41,0.99754,3.38,10.5,6
0.07,16,0.99572,3.29,9.3,5
0.23,11,0.99538,3.36,10.9,5
0.3,6,0.99346,3.33,11.9,6
0.03,6,0.9963,3.52,12.2,5
0.3,6,0.99346,3.33,11.9,6
0.23,11,0.99538,3.36,10.9,5
0.05,5,0.99616,3.3,9.6,4
0.57,6,0.99652,3.28,12.5,6
0,6,0.99551,3.56,10.8,5
0.37,11,0.99439,3.52,12.4,7
0,6,0.99551,3.56,10.8,5
0.12,15,0.99588,3.22,9.5,6
0.22,21,0.99633,3.52,9.5,6
0.23,23,0.99686,3.21,9.5,6
0.21,4,0.99458,3.16,9.8,6
0.26,19,0.9951,3.15,10.9,6
0.23,23,0.99686,3.21,9.5,6
0.21,4,0.99458,3.16,9.8,6
0.36,5,0.99419,3.27,11.2,7
0.39,6,0.99516,3.35,11.7,8
0.19,33,0.99878,3.14,9.4,5
0.46,24,0.99534,3.4,11,7
0.46,24,0.99534,3.4,11,7
0.46,24,0.99534,3.4,11,7
0.55,24,0.99752,3.35,10,5
0.46,24,0.99534,3.4,11,7
0.43,14,0.99428,3.45,11.2,7
0.02,8,0.99498,3.35,10.4,6
0.15,22,0.9957,3.32,9.3,5
0.02,8,0.99498,3.35,10.4,6
0.42,5,0.99659,3.15,10.5,6
0.46,6,0.99628,3.1,10.4,6
0.46,20,0.99488,3.26,11.3,6
0.31,10,0.99677,3.29,9.5,6
0.37,43,0.99408,3.23,12,6
0.31,8,0.996,3.24,10.6,6
0.4,25,0.99478,3.2,10.9,6
0.52,17,0.99734,3.28,11.5,6
0.52,17,0.99734,3.28,11.5,6
0.22,33,0.99678,3.26,9.6,6
0.47,9,0.99638,3.23,12,6
0.49,8,0.9992,3.07,10.3,6
0.23,18,0.99922,3.15,9.4,5
0.03,27,0.99592,3.02,9.2,5
0.25,8,0.99769,3.27,9.6,5
0,18,0.99157,3.68,13.6,7
0.29,19,0.99718,3.4,9.5,5
0.34,15,0.9947,3.37,11.8,6
0.01,48,0.99621,3.38,10.8,5
0.29,19,0.99718,3.4,9.5,5
0.37,14,0.99614,3.23,9.3,4
0.01,11,0.99242,3.39,12.8,6
0.32,6,0.99572,3.3,11.5,4
0,7,0.99659,3.26,9.4,6
0.01,11,0.99242,3.39,12.8,6
0,12,0.99798,3.38,9.6,4
0,11,0.99488,3.45,11.8,4
0.2,36,0.99494,3.1,9.3,5
0.39,28,0.99729,3.16,9.8,5
0.41,15,0.99414,3.22,12.2,6
0.22,10,0.9983,3.37,9.5,5
0.25,72,0.99721,3.33,10.3,6
0.19,15,0.99655,3.49,10.5,5
0.07,15,0.99502,3.12,10,5
0.19,15,0.99655,3.49,10.5,5
0.33,22,0.9949,3.41,11.1,6
0.01,24,0.99514,3.4,10.9,6
0.01,24,0.99514,3.4,10.9,6
0.14,27,0.9963,3.28,9.8,5
0,6,0.99627,3.45,9.8,5
0,6,0.99569,3.43,9.5,5
0.06,20,0.99628,3.4,10.9,5
0.02,26,0.99358,3.47,11,5
0.22,43,0.99499,3.1,9.2,5
0.28,12,0.99633,3.32,11,6
0,15,0.99538,3.44,11.3,6
0,15,0.99538,3.44,11.3,6
0.68,19,0.99632,3.02,9.3,5
0,17,0.99437,3.59,11.2,4
0.38,34,0.99726,3.15,9.8,5
0,13,0.9978,3.37,9.6,4
0.32,26,0.99456,3.38,11.8,6
0.05,16,0.99564,3.38,10.3,6
0.05,16,0.99564,3.38,10.3,6
0.5,13,0.996,3.1,11.4,6
0.31,21,0.99668,3.47,9.5,6
0.03,28,0.9908,3.5,14,8
0.01,26,0.99084,3.7,14,6
0.2,24,0.9935,3.38,11.7,6
0,25,0.99385,3.5,11.2,5
0.2,34,0.99494,3.1,9.3,5
0.13,17,0.9944,3.24,11.2,6
0.22,13,0.99688,3.24,9.5,6
0.4,3,0.99566,3.28,12,4
0,3,0.99636,3.35,9.7,6
0.22,13,0.99688,3.24,9.5,6
0.39,3,0.9948,3.14,11.5,7
0.2,28,0.9956,3.37,10.4,6
0.2,28,0.9956,3.37,10.4,6
0,9,0.99619,3.33,10.9,6
0.28,17,0.99734,3.26,10.2,6
0.19,18,0.99476,3.39,10.9,5
0.5,20,0.99734,3.15,10.5,5
0.44,17,0.99328,3.35,12.4,6
0.08,3,0.99286,3.22,13,5
0.3,20,0.99914,3.3,10.2,5
0.3,20,0.99914,3.3,10.2,5
0,6,0.99521,3.36,11,5
0.1,25,0.99638,3.29,10.9,6
0.13,14,0.99362,3.62,12.4,6
0,6,0.99672,3.34,9.7,4
0.1,25,0.99638,3.29,10.9,6
0,51,0.99558,3.2,9.5,5
0,51,0.99558,3.2,9.5,5
0.14,15,0.99323,3.35,12.1,6
0,11,0.99191,3.45,12.2,6
0,5,0.99476,3.5,10.9,3
0,15,0.99444,3.78,12.5,6
0.07,20,0.99598,3.6,11.7,6
0.32,4,0.99576,3.3,11.2,6
0.44,28,0.99501,3.36,11.2,5
0.21,21,0.9955,3.12,9.2,5
0.26,24,0.99612,3.3,9.8,5
0.32,22,0.9979,3.29,10.1,5
0.09,15,0.99524,3.41,11.1,4
0.32,22,0.9979,3.29,10.1,5
0.1,27,0.996,3.28,9.2,5
0.26,24,0.99612,3.3,9.8,5
0.15,12,0.9929,3.33,12.8,6
0.21,14,0.99532,3.34,10.5,5
0.21,20,0.99558,3.4,10.1,6
0.21,24,0.99556,3.4,10.1,6
0.27,17,0.99616,3.26,9.8,6
0,16,0.99258,4.01,12.5,6
0.46,10,0.99638,3.18,11.9,6
0.27,17,0.99616,3.26,9.8,6
0.68,18,0.99652,2.9,9.1,6
0.34,12,0.99796,3.26,10.1,5
0,16,0.99258,4.01,12.5,6
0.42,9,0.99392,3.18,11.4,5
0.39,21,0.99495,3.18,11,7
0.24,18,0.9948,3.39,10.6,6
0.24,18,0.9948,3.39,10.6,6
0.24,18,0.9948,3.39,10.6,6
0.24,18,0.9948,3.39,10.6,6
0.11,13,0.9955,3.34,9.3,5
0.26,17,0.99616,3.29,9.8,6
0.26,17,0.99616,3.29,9.8,6
0.26,31,0.99668,3.26,9.2,5
0.1,6,0.99581,3.09,9.7,6
0.22,12,0.9976,3.18,9.6,5
0,4,0.99608,3.39,10,5
0.02,19,0.99387,3.38,12.6,6
0,15,0.99448,3.36,9.5,5
0,15,0.99448,3.36,9.5,5
0,15,0.99448,3.36,9.5,5
0.02,13,0.99538,3.36,10.5,6
0.02,13,0.99538,3.36,10.5,6
0.02,13,0.99538,3.36,10.5,6
0.02,17,0.99589,3.37,10.4,6
0.02,13,0.99538,3.36,10.5,6
0.48,8,0.99852,3.09,11,5
0.24,10,0.99613,3.25,10.2,6
0.01,5,0.99472,3.52,11.4,5
0.03,7,0.99587,3.34,9.5,5
0.03,7,0.99587,3.34,9.5,5
0,21,0.99518,3.41,10.8,5
0.29,32,0.99654,3.34,10,5
0.01,8,0.99332,3.32,11.8,6
0.03,14,0.9969,3.37,10.3,5
0.03,14,0.9969,3.37,10.3,5
0.03,7,0.99568,3.35,10,5
0.25,5,0.99464,3.36,10.1,5
0.25,4,0.99464,3.36,10.1,5
0.24,27,0.99648,3.6,11.1,6
0.17,52,0.99736,3.28,9.5,5
0.4,6,0.99704,3.07,10.03333333,6
0.31,11,0.99699,3.24,10.9,5
0.14,13,0.99724,3.36,10.1,5
0.4,6,0.99704,3.07,10.03333333,6
0.27,11,0.99652,3.29,9.8,4
0.02,10,0.995,3.46,11.8,6
0.09,10,0.9971,3.18,9.5,5
0.08,10,0.99576,3.24,9.8,5
0.3,9,0.99725,3.25,10.5,6
0.32,16,0.99656,3.27,9.8,6
0,4,0.99396,3.33,10.4,4
0.51,12,0.99623,3,9.2,5
0.56,5,0.99476,3.21,11.6,6
0.51,12,0.99623,3,9.2,5
0.27,34,0.99664,3.24,9.3,5
0,16,0.99471,3.32,9.8,3
0.26,13,0.99586,3.26,9.9,5
0.2,7,0.9946,3.11,10,5
0.26,23,0.9953,3.71,12.2,6
0.15,10,0.99609,3.29,9.9,6
0.02,11,0.99557,3.36,10.8,6
0.02,11,0.99557,3.36,10.8,6
0.09,4,0.99534,3.38,9.6,5
0.22,25,0.99613,3.3,9.9,5
0.22,25,0.99613,3.3,9.9,5
0.15,20,0.99593,3.19,9.5,5
0.25,34,0.99668,3.19,9.2,5
0.07,8,0.9961,3.3,9.6,5
0.07,8,0.9961,3.3,9.6,5
0.31,7,0.99718,3.35,10.3,5
0.02,36,0.99524,3.1,9.7,5
0,15,0.99292,3.58,12.5,6
0.22,5,0.99612,3.37,11,5
0.06,5,0.9942,3.17,9.8,5
0.25,19,0.99612,3.3,10.2,5
0.14,27,0.99669,3.32,9.2,5
0.1,3,0.99745,3.31,9.55,6
0.1,4,0.99745,3.31,9.55,5
0.26,17,0.99584,3.28,9.9,5
0.12,13,0.9966,3.52,10.2,7
0,10,0.9956,3.42,11.1,6
0.21,33,0.9962,3.25,9.9,5
0.21,33,0.9962,3.25,9.9,5
0.42,6,0.9963,3.44,11.9,6
0.33,3,0.996,3.23,10,8
0.39,12,0.9985,3.43,10.7,6
0.3,18,0.9952,3.28,11.3,7
0.34,8,0.9974,3.22,10.9,6
0,40,0.995,3.54,10.7,6
0.36,35,0.995,3.27,12.4,7
0,40,0.995,3.54,10.7,6
0,5,0.9936,3.5,11.9,6
0.4,8,0.9963,3.56,10.6,6
0.34,8,0.9974,3.22,10.9,6
0.25,12,0.9963,3.04,10.1,5
0.59,3,0.9994,3.2,9.6,5
0,8,0.9966,3.56,9.4,5
0.59,3,0.9994,3.2,9.6,5
0.33,21,0.9952,3.35,12.1,7
0.01,3,0.995,3.16,9.8,5
0.21,32,0.9956,3.27,9.9,5
0.01,3,0.995,3.16,9.8,5
0.18,24,0.9965,3.34,9.4,5
0,39,0.9956,3.39,11.4,6
0.09,14,0.9968,3.5,11,4
0.37,8,0.9974,3.26,9.6,6
0.37,8,0.9974,3.26,9.6,6
0.37,23,0.9971,3.41,12.1,6
0.33,6,0.9957,3.3,11.2,5
0,27,0.9962,3.31,11,5
0.4,38,0.996,3.33,11.3,5
0.24,18,0.9956,3.37,10.4,5
0.31,13,0.9958,3.26,9.9,6
0,3,0.9944,3.48,11.7,6
0.16,11,0.9955,3.42,10.1,7
0.37,55,1.00369,3.18,9,6
0.37,55,1.00369,3.18,9,6
0.38,27,0.99914,3.15,8.5,5
0.29,15,0.99577,3.53,11.1,5
0,3,0.996,3.41,10.3,5
0.02,31,0.99566,3.32,11.06666667,6
0.32,15,0.9947,3.23,11.3,7
0.19,19,0.99713,3.16,9.566666667,6
0.02,18,0.99712,3.4,9.8,5
0.2,8,0.99322,3.38,11.7,5
0.02,31,0.99566,3.32,11.1,6
0.19,19,0.99713,3.16,9.6,6
0.02,18,0.99712,3.4,9.8,5
0,22,0.99701,3.4,9.7,5
0.01,40,0.99683,3.4,9.7,5
0.31,15,0.99472,3.23,11.3,8
0.32,15,0.9947,3.23,11.3,7
0.44,8,0.99732,3.33,11,7
0.02,37,0.99374,3.35,11.6,7
0.33,27,0.99706,3.41,9,5
0.63,7,0.99974,3.21,10.9,6
0,9,0.99467,3.5,10.9,6
0.06,38,0.99236,3.3,10.55,6
0.33,27,0.99706,3.41,9,5
0.4,8,0.99603,3.39,10.5,5
0.35,7,0.99458,3.32,11.9,7
0.09,34,0.99724,3.41,10.4,6
0,6,0.99664,3.59,10,4
0.03,14,0.99545,3.36,10.4,6
0.01,14,0.99522,3.34,10.8,6
0.1,34,0.9958,3.41,9.7,5
0.1,34,0.9958,3.41,9.7,5
0.32,31,0.99728,3.3,10,7
0.08,19,0.99648,3.52,11,4
0.32,31,0.99728,3.3,10,7
0.05,20,0.99705,3.31,9.7,3
0.11,8,0.99578,2.88,9.7,5
0.08,8,0.99334,3.43,12.6,5
0.6,23,0.99656,3.38,11.1,6
0.08,14,0.99336,3.38,11,5
0.5,48,1.00242,3.16,8.8,5
0.11,16,0.99182,3.54,13.56666667,7
0.5,48,1.00242,3.16,8.8,5
0.11,16,0.99182,3.54,13.6,7
0.05,3,0.99808,3.4,10.2,3
0.6,10,0.99828,3.39,10.6,5
0.03,6,0.99498,3.66,10.1,4
0.6,10,0.99828,3.39,10.6,5
0.54,3,0.99719,3.33,10.3,4
0.44,6,0.99542,3.35,10.7,5
0.06,4,0.99592,3.53,10.9,4
0.16,8,0.99606,3.37,9.7,5
0.21,9,0.99546,3.38,10.3,5
0.05,9,0.99496,3.52,10.6,5
0.04,5,0.9942,3.72,11.4,5
0.1,4,0.99448,3.44,10.8,6
0.49,8,0.99344,3.39,12.4,6
0.04,5,0.9942,3.72,11.4,5
0.06,6,0.99348,3.57,11.95,5
0.26,23,0.99636,3.26,9.7,5
0.09,15,0.99459,3.42,10,7
0.02,15,0.99492,3.35,10.6,6
0.26,23,0.99636,3.26,9.7,5
0.03,7,0.99508,3.45,11.5,6
0.04,7,0.99582,3.53,10.8,6
0.03,7,0.99508,3.45,11.5,6
0.04,8,0.99508,3.26,9.6,5
0.29,21,0.99642,3.16,9.4,5
0.18,15,0.99638,3.31,9.8,5
0.39,6,0.99555,3.51,11,6
0.57,5,0.99605,3.36,11.4,6
0.02,6,0.996,3.55,9.95,3
0.05,6,0.99562,3.51,10.8,6
0.57,5,0.99605,3.36,11.4,6
0.6,17,0.99814,3.38,10.6,6
0.4,7,0.9941,3.28,11.1,5
0.21,26,0.99661,3.47,9.7,6
0.04,19,0.99712,3.44,9.8,5
0.04,11,0.99588,3.53,10.4,6
0.15,17,0.99294,3.33,10.5,6
0.21,16,0.99842,3.53,9.233333333,6
0.21,16,0.99842,3.53,9.25,6
0.25,23,0.99633,3.42,10.6,5
0.06,29,0.99489,3.38,10.3,6
0.46,7,0.99647,3.32,10.5,5
0.08,14,0.99665,3.44,10.2,5
0.06,29,0.99489,3.38,10.3,6
0.2,9,0.99585,3.39,9.05,4
0.25,23,0.99633,3.42,10.6,5
0.25,29,0.9953,3.34,10.4,5
0.19,22,0.99522,3.39,10,6
0.08,18,0.99552,3.33,9.7,5
0.08,18,0.99553,3.3,9.6,6
0.07,15,0.9951,3.29,10.8,6
0.49,21,0.99714,3.31,10.1,6
0.08,42,0.99608,3.42,10.2,6
0.09,9,0.99444,3.42,11.3,6
0.1,13,0.99631,3.6,10.2,5
0.13,18,0.99573,3.21,9.9,6
0.3,32,0.99717,3.39,9,5
0.14,13,0.99397,3.42,11.7,7
0.13,15,0.9959,3.36,9.7,6
0.08,24,0.99528,3.6,10.3,6
0.08,20,0.99484,3.5,10.2,6
0.09,15,0.99538,3.57,12,5
0.32,34,0.99714,3.46,9.9,5
0.08,11,0.99646,3.56,11.6,6
0.29,19,0.99666,3.4,10.9,7
0.02,29,0.99472,3.3,10.75,6
0.42,14,0.99758,3.25,10.4,6
0.43,12,0.9955,3.17,11.2,7
0.33,16,0.99531,3.36,10.1,6
0.02,17,0.99575,3.36,10.2,5
0.1,12,0.99306,3.55,12.1,5
0.5,19,0.99783,3.1,10.4,5
0.3,17,0.99419,3.24,11.4,8
0,17,0.99783,3.45,9.5,5
0,18,0.99768,3.44,9.4,5
0.01,32,0.99586,3.51,11.3,6
0,18,0.99765,3.41,9.4,5
0.02,15,0.99627,3.54,11,6
0.17,15,0.99514,3.44,10.55,7
0.04,12,0.99636,3.53,9.9,5
0.02,15,0.99627,3.54,11,6
0.33,66,0.99787,3.22,9.5,5
0.26,31,0.99622,3.21,9.9,5
0.26,31,0.99622,3.21,9.9,5
0.26,31,0.99622,3.21,9.9,5
0.13,12,0.99546,3.29,10.1,5
0.13,12,0.99546,3.29,10.1,5
0.13,12,0.99546,3.29,10.1,5
0.02,26,0.99489,3.39,10.9,6
0.64,24,0.99494,3.34,11.2,6
0.13,12,0.99546,3.29,10.1,5
0.13,25,0.99629,3.34,9.2,5
0.14,15,0.99396,3.48,11.5,6
0.53,19,0.9934,3.37,12.4,6
0.14,15,0.99514,3.44,11.1,6
0.32,35,0.99632,3.33,9.5,5
0.2,15,0.99467,3.58,12.5,6
0.78,23,0.99677,3.39,10.5,6
0.4,12,0.99474,3.26,11.8,6
0.63,16,0.99588,3.3,10.8,6
0.15,13,0.99622,3.54,11.9,6
0.15,13,0.9954,3.42,11.3,6
0.09,24,0.99402,3.54,11.3,5
0.33,9,0.9947,3.36,11.9,6
0.09,24,0.99402,3.54,11.3,5
0.1,13,0.99362,3.57,11.9,5
0.29,32,0.99578,3.33,9.8,5
0.44,24,0.99484,3.29,11.6,7
0.44,22,0.99494,3.3,11.5,6
0.41,34,0.99492,3.34,11.4,6
0.11,18,0.99483,3.55,10.9,6
0.33,34,0.99414,3.27,12.8,6
0.2,29,0.9977,3.29,9.2,5
0.15,26,0.99314,3.32,11.6,6
0.09,16,0.99402,3.67,11.6,6
0.13,29,0.99574,3.42,11,6
0.08,28,0.99651,3.42,9.5,6
0.08,32,0.9949,3.45,10.5,5
0.1,39,0.99512,3.52,11.2,6
0.13,29,0.99574,3.42,11,6
0.12,32,0.99547,3.57,10.2,5
0.47,18,0.99549,3.39,11,6
